Condition,incidents,technical,completed,other,total,incidents_ratio,technical_ratio,completed_ratio
Dry,556,743,5420,53,6772,0.08210277613703484,0.10971647962197283,0.8003544004725339
Mixed,37,40,506,1,584,0.06335616438356165,0.0684931506849315,0.8664383561643836
Wet,131,71,720,8,930,0.14086021505376345,0.07634408602150537,0.7741935483870968
